{
  "tosca_definitions_version" : "controller_blueprint_1_0_0",
  "metadata" : {
    "template_author" : "Bellara, Sangeeta <sb00563215@techmahindra.com>",
    "author-email" : "PeukerL@telekom.de",
    "user-groups" : "ADMIN, OPERATION",
    "template_name" : "CBA_CUCP_CL",
    "template_version" : "1.0.0",
    "template_tags" : "CNF, Restconf, mount, configuration, simulator, closed loop",
    "template_type" : "DEFAULT"
  },
  "imports" : [ {
    "file" : "Definitions/data_types.json"
  }, {
    "file" : "Definitions/relationship_types.json"
  }, {
    "file" : "Definitions/artifact_types.json"
  }, {
    "file" : "Definitions/node_types.json"
  }, {
    "file" : "Definitions/policy_types.json"
  } ],
  "dsl_definitions" : {
    "vpkg-rest-api" : {
      "type" : "basic-auth",
      "url" : "http://",
      "username" : "admin",
      "password" : "admin"
    },
    "multicloud-k8s-api" : {
      "type" : "basic-auth",
      "username" : "admin",
      "password" : "admin",
      "url" : "http://multicloud-k8s:9015"
    },
    "aai-api" : {
      "type" : "basic-auth",
      "username" : "AAI",
      "password" : "AAI",
      "url" : "https://aai.onap:8443",
      "aaiVersion" : "/aai/v19"
    },
    "config-deploy-properties" : {
      "resolution-key" : {
        "get_input" : "resolution-key"
      },
      "api-access" : "*multicloud-k8s-api",
      "aai-access" : "*aai-api"
    },
    "profile-upload-properties" : {
      "assignment-params" : {
        "get_attribute" : [ "resource-assignment", "assignment-params" ]
      },
      "api-access" : "*multicloud-k8s-api"
    },
    "HealthCheck-properties" : {
      "service-instance-id" : {
        "get_input" : "service-instance-id"
      },
      "service-model-uuid" : {
        "get_input" : "service-model-uuid"
      },
      "vnf-id" : {
        "get_input" : "vnf-id"
      },
      "vnf-name" : {
        "get_input" : "vnf-name"
      },
      "vnf-customization-uuid" : {
        "get_input" : "vnf-customization-uuid"
      }
    },
    "modifyconfig-properties" : {
      "service-instance-id" : {
        "get_input" : "service-instance-id"
      },
	  "administrativeState" : {
        "get_input" : "administrativeState"
      },
	  "subscriptionName" : {
        "get_input" : "subscriptionName"
      },
	  "fileBasedGP" : {
        "get_input" : "fileBasedGP"
      },
	  "fileLocation" : {
        "get_input" : "fileLocation"
      }
    }
  },
  "topology_template" : {
    "workflows" : {
      "resource-assignment" : {
        "steps" : {
          "resource-assignment" : {
            "description" : "Resource Assign Workflow",
            "target" : "resource-assignment",
            "activities" : [ {
              "call_operation" : "ResourceResolutionComponent.process"
            } ],
            "on_success" : [ "profile-upload" ]
          },
          "profile-upload" : {
            "description" : "Upload K8s Profile",
            "target" : "profile-upload",
            "activities" : [ {
              "call_operation" : "ComponentScriptExecutor.process"
            } ]
          }
        },
        "inputs" : {
          "template-prefix" : {
            "required" : true,
            "type" : "list",
            "entry_schema" : {
              "type" : "string"
            }
          },
          "resolution-key" : {
            "required" : false,
            "type" : "string",
            "entry_schema" : {
              "type" : ""
            }
          },
          "resource-assignment-properties" : {
            "description" : "Dynamic PropertyDefinition for workflow(resource-assignment).",
            "required" : true,
            "type" : "dt-resource-assignment-properties"
          }
        },
        "outputs" : {
          "meshed-template" : {
            "type" : "json",
            "value" : {
              "get_attribute" : [ "resource-assignment", "assignment-params" ]
            }
          }
        }
      },
      "config-assign" : {
        "steps" : {
          "config-assign" : {
            "description" : "Config Assign Workflow",
            "target" : "config-assign",
            "activities" : [ {
              "call_operation" : "ResourceResolutionComponent.process"
            } ]
          }
        },
        "inputs" : {
          "resolution-key" : {
            "required" : true,
            "type" : "string"
          },
          "store-result" : {
            "required" : true,
            "type" : "boolean"
          },
          "config-assign-properties" : {
            "description" : "Dynamic PropertyDefinition for workflow(config-assign).",
            "required" : true,
            "type" : "dt-config-assign-properties"
          }
        },
        "outputs" : {
          "dry-run" : {
            "type" : "json",
            "value" : {
              "get_attribute" : [ "config-assign", "assignment-params" ]
            }
          }
        }
      },
      "config-deploy" : {
        "steps" : {
          "aai-vserver-create" : {
            "description" : "VServer Creation in AAI for Closed Loop",
            "target" : "aai-vserver-create-process"
          }
        },
        "inputs" : {
          "resolution-key" : {
            "required" : false,
            "type" : "string"
          },
          "store-result" : {
            "required" : true,
            "type" : "boolean"
          },
          "service-instance-id" : {
            "required" : false,
            "type" : "string"
          }
        }
      },
      "config-deploy-day-1" : {
        "steps" : {
          "config-deploy" : {
            "description" : "Config Deploy Day 1 Workflow",
            "target" : "config-deploy-day-1-process"
          }
        },
        "inputs" : {
          "nfId" : {
            "required" : false,
            "type" : "string"
          },
          "version" : {
            "required" : true,
            "type" : "string"
          }
        }
      },
      "modifyconfig" : {
        "steps" : {
          "activate-process" : {
            "description" : "Closed Loop Action",
            "target" : "modifyconfig",
            "activities" : [ {
              "call_operation" : "ComponentScriptExecutor.process"
            } ]
          }
        },
        "inputs" : {
          "service-instance-id" : {
            "required" : false,
            "type" : "string"
          }
        }
      },
      "HealthCheck" : {
        "steps" : {
          "activate-process" : {
            "description" : "HealthCheck",
            "target" : "HealthCheck",
            "activities" : [ {
              "call_operation" : "ComponentScriptExecutor.process"
            } ]
          }
        },
        "inputs" : {
          "resolution-key" : {
            "required" : true,
            "type" : "string"
          },
          "service-instance-id" : {
            "required" : true,
            "type" : "string"
          },
          "service-model-uuid" : {
            "required" : true,
            "type" : "string"
          },
          "vnf-id" : {
            "required" : true,
            "type" : "string"
          },
          "vnf-name" : {
            "required" : true,
            "type" : "string"
          },
          "vnf-customization-uuid" : {
            "required" : true,
            "type" : "string"
          }
        }
      }
    },
    "node_templates" : {
      "resource-assignment" : {
        "type" : "component-resource-resolution",
        "interfaces" : {
          "ResourceResolutionComponent" : {
            "operations" : {
              "process" : {
                "inputs" : {
                  "artifact-prefix-names" : {
                    "get_input" : "template-prefix"
                  }
                }
              }
            }
          }
        },
        "artifacts" : {
          "helm_base_template-template" : {
            "type" : "artifact-template-velocity",
            "file" : "Templates/helm_base_template-template.vtl"
          },
          "helm_base_template-mapping" : {
            "type" : "artifact-mapping-resource",
            "file" : "Templates/helm_base_template-mapping.json"
          },
          "helm_cucp-template" : {
            "type" : "artifact-template-velocity",
            "file" : "Templates/helm_cucp-template.vtl"
          },
          "helm_cucp-mapping" : {
            "type" : "artifact-mapping-resource",
            "file" : "Templates/helm_cucp-mapping.json"
          },
          "vnf-template" : {
            "type" : "artifact-template-velocity",
            "file" : "Templates/vnf-template.vtl"
          },
          "vnf-mapping" : {
            "type" : "artifact-mapping-resource",
            "file" : "Templates/vnf-mapping.json"
          }
        }
      },
      "profile-upload" : {
        "type" : "component-script-executor",
        "interfaces" : {
          "ComponentScriptExecutor" : {
            "operations" : {
              "process" : {
                "inputs" : {
                  "script-type" : "kotlin",
                  "script-class-reference" : "org.onap.ccsdk.cds.blueprintsprocessor.services.execution.scripts.K8sProfileUpload",
                  "dynamic-properties" : "*profile-upload-properties"
                }
              }
            }
          }
        }
      },
      "config-assign" : {
        "type" : "component-resource-resolution",
        "interfaces" : {
          "ResourceResolutionComponent" : {
            "operations" : {
              "process" : {
                "inputs" : {
                  "resolution-key" : {
                    "get_input" : "resolution-key"
                  },
                  "store-result" : true,
                  "artifact-prefix-names" : [ "baseconfig" ]
                }
              }
            }
          }
        },
        "artifacts" : {
          "baseconfig-template" : {
            "type" : "artifact-template-velocity",
            "file" : "Templates/baseconfig-template.vtl"
          },
          "baseconfig-mapping" : {
            "type" : "artifact-mapping-resource",
            "file" : "Templates/baseconfig-mapping.json"
          }
        }
      },
      "aai-vserver-create-process" : {
        "type" : "component-script-executor",
        "interfaces" : {
          "ComponentScriptExecutor" : {
            "operations" : {
              "process" : {
                "implementation" : {
                  "primary" : "component-script",
                  "timeout" : 180,
                  "operation_host" : "SELF"
                },
                "inputs" : {
                  "script-type" : "kotlin",
                  "script-class-reference" : "org.onap.ccsdk.cds.blueprintsprocessor.services.execution.scripts.VServerCreationForClosedLoop",
                  "dynamic-properties" : "*config-deploy-properties"
                },
                "outputs" : {
                  "response-data" : "",
                  "status" : "success"
                }
              }
            }
          }
        }
      },
      "netconf-device" : {
        "type" : "vnf-netconf-device",
        "capabilities" : {
          "netconf" : {
            "properties" : {
              "login-key" : "admin",
              "login-account" : "admin",
              "target-ip-address" : "10.43.9.16",
              "port-number" : 32767,
              "connection-time-out" : 5
            }
          }
        }
      },
      "config-deploy-day-1-process" : {
        "type" : "component-netconf-executor",
        "requirements" : {
          "netconf-connection" : {
            "capability" : "netconf",
            "node" : "netconf-device",
            "relationship" : "tosca.relationships.ConnectsTo"
          }
        },
        "interfaces" : {
          "ComponentNetconfExecutor" : {
            "operations" : {
              "process" : {
                "implementation" : {
                  "primary" : "component-script",
                  "timeout" : 180,
                  "operation_host" : "SELF"
                },
                "inputs" : {
                  "script-type" : "kotlin",
                  "script-class-reference" : "org.onap.ccsdk.cds.blueprintsprocessor.services.execution.scripts.NetconfConfigDeployDay1",
                  "dynamic-properties" : "*config-deploy-day-1-properties"
                },
                "outputs" : {
                  "response-data" : "",
                  "status" : "success"
                }
              }
            }
          }
        }
      },
      "modifyconfig" : {
        "type" : "component-script-executor",
        "interfaces" : {
          "ComponentScriptExecutor" : {
            "operations" : {
              "process" : {
                "implementation" : {
                  "primary" : "component-script",
                  "timeout" : 180,
                  "operation_host" : "SELF"
                },
                "inputs" : {
                  "script-type" : "kotlin",
                  "script-class-reference" : "org.onap.ccsdk.cds.blueprintsprocessor.services.execution.scripts.ClosedLoopDeploy",
                  "dynamic-properties" : "*modifyconfig-properties"
                },
                "outputs" : {
                  "response-data" : "",
                  "status" : "success"
                }
              }
            }
          }
        }
      },
      "HealthCheck" : {
        "type" : "component-script-executor",
        "interfaces" : {
          "ComponentScriptExecutor" : {
            "operations" : {
              "process" : {
                "implementation" : {
                  "primary" : "component-script",
                  "timeout" : 180,
                  "operation_host" : "SELF"
                },
                "inputs" : {
                  "script-type" : "kotlin",
                  "script-class-reference" : "org.onap.ccsdk.cds.blueprintsprocessor.services.execution.scripts.HealthCheck",
                  "dynamic-properties" : "*HealthCheck-properties"
                },
                "outputs" : {
                  "response-data" : "",
                  "status" : "success"
                }
              }
            }
          }
        }
      }
    }
  }
}