{
  "data_types" : {
    "dt-config-assign-properties" : {
      "description" : "Dynamic DataType definition for workflow(config-assign).",
      "version" : "1.0.0",
      "properties" : {
        "vnf-id" : {
          "description" : "",
          "required" : false,
          "type" : "string",
          "status" : "",
          "constraints" : [ { } ],
          "entry_schema" : {
            "type" : ""
          }
        },
        "service-instance-id" : {
          "description" : "",
          "required" : false,
          "type" : "string",
          "status" : "",
          "constraints" : [ { } ],
          "entry_schema" : {
            "type" : ""
          }
        }
      },
      "derived_from" : "tosca.datatypes.Dynamic"
    },
    "dt-resource-assignment-properties" : {
      "description" : "Dynamic DataType definition for workflow(resource-assignment).",
      "version" : "1.0.0",
      "properties" : {
        "k8s-rb-profile-namespace" : {
          "description" : "K8s namespace to create helm chart for specified profile",
          "type" : "string"
        },
        "k8s-rb-profile-name" : {
          "description" : "Profile name used in multicloud/k8s plugin to identify Helm chart(s) where this mapping is providing override values.",
          "type" : "string"
        },
        "vnf-id" : {
          "description" : "",
          "required" : false,
          "type" : "string"
        },
        "service-instance-id" : {
          "description" : "",
          "required" : false,
          "type" : "string"
        },
        "vnf_name" : {
          "description" : "",
          "required" : false,
          "type" : "string"
        },
        "aic-cloud-region" : {
          "description" : "",
          "required" : false,
          "type" : "string"
        },
        "vf-module-model-customization-uuid" : {
          "description" : "",
          "required" : false,
          "type" : "string"
        },
        "service-instance-name" : {
          "description" : "",
          "required" : false,
          "type" : "string"
        },
        "management-prefix-id" : {
          "description" : "",
          "required" : false,
          "type" : "string"
        },
        "cucp_cl_test0_day0_version" : {
          "description" : "",
          "required" : false,
          "type" : "string"
        },
        "vf-module-id" : {
          "description" : "",
          "required" : false,
          "type" : "string"
        },
        "vf-module-label" : {
          "description" : "",
          "required" : false,
          "type" : "string"
        },
        "vf-module-model-invariant-uuid" : {
          "type" : "string"
        },
        "vf-naming-policy" : {
          "description" : "",
          "required" : false,
          "type" : "string",
          "default" : "SDNC_Policy.ONAP_NF_NAMING_TIMESTAMP"
        },
        "cucp_cl_test0_day1_version" : {
          "description" : "",
          "required" : false,
          "type" : "string"
        },
        "vf-module-model-version" : {
          "type" : "string"
        }
      },
      "derived_from" : "tosca.datatypes.Dynamic"
    }
  }
}