{
  "aic-cloud-region" : {
    "tags" : "aic-cloud-region",
    "name" : "aic-cloud-region",
    "property" : {
      "description" : "aic-cloud-region",
      "type" : "string"
    },
    "group" : "default",
    "updated-by" : "Singal, Kapil <ks220y@att.com>",
    "sources" : {
      "input" : {
        "type" : "source-input",
        "properties" : { }
      }
    }
  },
  "cucp_cl_test0_day0_version" : {
    "tags" : "k8s, cnf, service, version",
    "name" : "cucp_cl_test0_day0_version",
    "property" : {
      "description" : "service version",
      "type" : "string"
    },
    "group" : "default",
    "updated-by" : "Bellara, Sangeeta <sb00563215@techmahindra.com>",
    "sources" : {
      "input" : {
        "type" : "source-input"
      },
      "default" : {
        "type" : "source-default",
        "properties" : { }
      },
      "sdnc" : {
        "type" : "source-rest",
        "properties" : {
          "verb" : "GET",
          "type" : "JSON",
          "url-path" : "/restconf/config/GENERIC-RESOURCE-API:services/service/$service-instance-id/service-data/vnfs/vnf/$vnf-id/vnf-data/vnf-topology/vnf-parameters-data/param/cucp_cl_test0_day0_version",
          "path" : "/param/0/value",
          "input-key-mapping" : {
            "service-instance-id" : "service-instance-id",
            "vnf-id" : "vnf-id"
          },
          "output-key-mapping" : {
            "cucp_cl_test0_day0_version" : "value"
          },
          "key-dependencies" : [ "service-instance-id", "vnf-id" ]
        }
      }
    }
  },
  "cucp_cl_test0_day1_version" : {
    "tags" : "k8s, cnf, service, version",
    "name" : "cucp_cl_test0_day1_version",
    "property" : {
      "description" : "service version",
      "type" : "string"
    },
    "group" : "default",
    "updated-by" : "Bellara, Sangeeta <sb00563215@techmahindra.com>",
    "sources" : {
      "input" : {
        "type" : "source-input"
      },
      "default" : {
        "type" : "source-default",
        "properties" : { }
      },
      "sdnc" : {
        "type" : "source-rest",
        "properties" : {
          "verb" : "GET",
          "type" : "JSON",
          "url-path" : "/restconf/config/GENERIC-RESOURCE-API:services/service/$service-instance-id/service-data/vnfs/vnf/$vnf-id/vnf-data/vnf-topology/vnf-parameters-data/param/cucp_cl_test0_day1_version",
          "path" : "/param/0/value",
          "input-key-mapping" : {
            "service-instance-id" : "service-instance-id",
            "vnf-id" : "vnf-id"
          },
          "output-key-mapping" : {
            "cucp_cl_test1_day0_version" : "value"
          },
          "key-dependencies" : [ "service-instance-id", "vnf-id" ]
        }
      }
    }
  },
  "k8s-rb-profile-name" : {
    "tags" : "k8s, cnf, profile, k8s-rb-profile-name",
    "name" : "k8s-rb-profile-name",
    "property" : {
      "description" : "Profile name used in multicloud/k8s plugin to identify Helm chart(s) where this mapping is providing override values.",
      "type" : "string"
    },
    "group" : "default",
    "updated-by" : "MALAKOV, YURIY <yuriy.malakov@att.com>",
    "sources" : {
      "input" : {
        "type" : "source-input"
      },
      "default" : {
        "type" : "source-default",
        "properties" : { }
      },
      "sdnc" : {
        "type" : "source-rest",
        "properties" : {
          "verb" : "GET",
          "type" : "JSON",
          "url-path" : "/restconf/config/GENERIC-RESOURCE-API:services/service/$service-instance-id/service-data/vnfs/vnf/$vnf-id/vnf-data/vnf-topology/vnf-parameters-data/param/k8s-rb-profile-name",
          "path" : "/param/0/value",
          "input-key-mapping" : {
            "service-instance-id" : "service-instance-id",
            "vnf-id" : "vnf-id"
          },
          "output-key-mapping" : {
            "k8s-rb-profile-name" : "value"
          },
          "key-dependencies" : [ "service-instance-id", "vnf-id" ]
        }
      }
    }
  },
  "k8s-rb-profile-namespace" : {
    "tags" : "k8s, cnf, profile, k8s-rb-profile-namespace",
    "name" : "k8s-rb-profile-namespace",
    "property" : {
      "description" : "Profile name used in multicloud/k8s plugin to identify Helm chart(s) where this mapping is providing override values.",
      "type" : "string"
    },
    "group" : "default",
    "updated-by" : "MALAKOV, YURIY <yuriy.malakov@att.com>",
    "sources" : {
      "input" : {
        "type" : "source-input"
      },
      "default" : {
        "type" : "source-default",
        "properties" : { }
      },
      "sdnc" : {
        "type" : "source-rest",
        "properties" : {
          "verb" : "GET",
          "type" : "JSON",
          "url-path" : "/restconf/config/GENERIC-RESOURCE-API:services/service/$service-instance-id/service-data/vnfs/vnf/$vnf-id/vnf-data/vnf-topology/vnf-parameters-data/param/k8s-rb-profile-namespace",
          "path" : "/param/0/value",
          "input-key-mapping" : {
            "service-instance-id" : "service-instance-id",
            "vnf-id" : "vnf-id"
          },
          "output-key-mapping" : {
            "k8s-rb-profile-namespace" : "value"
          },
          "key-dependencies" : [ "service-instance-id", "vnf-id" ]
        }
      }
    }
  },
  "management-prefix-id" : {
    "tags" : "management-prefix-id",
    "name" : "management-prefix-id",
    "property" : {
      "description" : "management-prefix-id",
      "type" : "string"
    },
    "group" : "default",
    "updated-by" : "MALAKOV, YURIY <yuriy.malakov@att.com>",
    "sources" : {
      "input" : {
        "type" : "source-input"
      },
      "default" : {
        "type" : "source-default",
        "properties" : { }
      },
      "sdnc" : {
        "type" : "source-rest",
        "properties" : {
          "verb" : "GET",
          "type" : "JSON",
          "url-path" : "/restconf/config/GENERIC-RESOURCE-API:services/service/$service-instance-id/service-data/vnfs/vnf/$vnf-id/vnf-data/vnf-topology/vnf-parameters-data/param/management-prefix-id",
          "path" : "/param/0/value",
          "input-key-mapping" : {
            "service-instance-id" : "service-instance-id",
            "vnf-id" : "vnf-id"
          },
          "output-key-mapping" : {
            "management-prefix-id" : "value"
          },
          "key-dependencies" : [ "service-instance-id", "vnf-id" ]
        }
      },
      "processor-db" : {
        "type" : "source-db",
        "properties" : {
          "type" : "SQL",
          "query" : "select sdnctl.IPAM_IP_POOL.prefix_id as prefix_id from sdnctl.IPAM_IP_POOL where description = \"management\"",
          "input-key-mapping" : { },
          "output-key-mapping" : {
            "management-prefix-id" : "prefix_id"
          }
        }
      }
    }
  },
  "service-instance-id" : {
    "tags" : "service-instance-id, tosca.datatypes.Root, data_type",
    "name" : "service-instance-id",
    "property" : {
      "description" : "To be provided",
      "type" : "string"
    },
    "group" : "default",
    "updated-by" : "Singal, Kapil <ks220y@att.com>",
    "sources" : {
      "input" : {
        "type" : "source-input",
        "properties" : { }
      },
      "any-db" : {
        "type" : "source-db",
        "properties" : {
          "query" : "SELECT artifact_name FROM BLUEPRINT_MODEL where artifact_version=\"1.0.0\"",
          "input-key-mapping" : { },
          "output-key-mapping" : {
            "service-instance-id" : "artifact_name"
          }
        }
      },
      "processor-db" : {
        "type" : "source-db",
        "properties" : {
          "query" : "SELECT artifact_name FROM BLUEPRINT_MODEL where artifact_version=\"1.0.0\"",
          "input-key-mapping" : { },
          "output-key-mapping" : {
            "service-instance-id" : "artifact_name"
          }
        }
      },
      "capability" : {
        "type" : "source-capability",
        "properties" : {
          "script-type" : "jython",
          "script-class-reference" : "SampleRAProcessor",
          "instance-dependencies" : [ ]
        }
      },
      "sdnc" : {
        "type" : "source-rest",
        "properties" : {
          "verb" : "GET",
          "type" : "JSON",
          "url-path" : "/restconf/config/GENERIC-RESOURCE-API:services/service/$service-instance-id",
          "path" : "/service/0/service-instance-id",
          "input-key-mapping" : {
            "service-instance-id" : "service-instance.service-instance-id"
          },
          "output-key-mapping" : {
            "service-instance-id" : "service-instance-id"
          },
          "key-dependencies" : [ "service-instance.service-instance-id" ]
        }
      }
    }
  },
  "service-instance-name" : {
    "tags" : "service-instance-name",
    "name" : "service-instance-name",
    "property" : {
      "description" : "service-instance-name",
      "type" : "string",
      "value" : null,
      "default" : null
    },
    "group" : "default",
    "updated-by" : "Bellara, Sangeeta <sb00563215@techmahindra.com>",
    "sources" : {
      "aai-data" : {
        "type" : "source-rest",
        "properties" : {
          "type" : "JSON",
          "verb" : "GET",
          "url-path" : "/aai/v21/business/customers/customer/basicnf-customer/service-subscriptions/service-subscription/basic_cnf/service-instances?service-instance-id=$service-instance-id",
          "path" : "/service-instance/0/service-instance-name",
          "input-key-mapping" : {
            "service-instance-id" : "service-instance-id"
          },
          "headers" : {
            "Accept" : "application/json"
          },
          "output-key-mapping" : {
            "service-instance-name" : "service-instance-name"
          },
          "key-dependencies" : [ "service-instance-id" ]
        }
      }
    }
  },
  "vf-module-id" : {
    "tags" : "vf-module-id",
    "name" : "vf-module-id",
    "property" : {
      "description" : "vf-module-id",
      "type" : "string"
    },
    "group" : "default",
    "updated-by" : "Singal, Kapil <ks220y@att.com>",
    "sources" : {
      "input" : {
        "type" : "source-input",
        "properties" : { }
      }
    }
  },
  "vf-module-label" : {
    "tags" : "vf-module-label",
    "name" : "vf-module-label",
    "property" : {
      "description" : "vf-module-label",
      "type" : "string"
    },
    "group" : "default",
    "updated-by" : "MALAKOV, YURIY <yuriy.malakov@att.com>",
    "sources" : {
      "input" : {
        "type" : "source-input"
      },
      "default" : {
        "type" : "source-default",
        "properties" : { }
      },
      "processor-db" : {
        "type" : "source-db",
        "properties" : {
          "type" : "SQL",
          "query" : "select sdnctl.VF_MODULE_MODEL.vf_module_label as vf_module_label from sdnctl.VF_MODULE_MODEL where sdnctl.VF_MODULE_MODEL.customization_uuid=:customizationid",
          "input-key-mapping" : {
            "customizationid" : "vf-module-model-customization-uuid"
          },
          "output-key-mapping" : {
            "vf-module-label" : "vf_module_label"
          },
          "key-dependencies" : [ "vf-module-model-customization-uuid" ]
        }
      }
    }
  },
  "vf-module-model-customization-uuid" : {
    "tags" : "vf-module-model-customization-uuid",
    "name" : "vf-module-model-customization-uuid",
    "property" : {
      "description" : "vf-module-model-customization-uuid",
      "type" : "string"
    },
    "group" : "default",
    "updated-by" : "MALAKOV, YURIY <yuriy.malakov@att.com>",
    "sources" : {
      "input" : {
        "type" : "source-input"
      },
      "default" : {
        "type" : "source-default",
        "properties" : { }
      }
    }
  },
  "vf-module-model-invariant-uuid" : {
    "tags" : "vnf, vf-module",
    "name" : "vf-module-model-invariant-uuid",
    "property" : {
      "description" : "vf module model invariant uuid",
      "type" : "string",
      "value" : null,
      "default" : null
    },
    "group" : "default",
    "updated-by" : "Rahul, Tyagi <rahul.tyagi@est.tech>",
    "sources" : {
      "input" : {
        "type" : "source-input"
      },
      "default" : {
        "type" : "source-default",
        "properties" : { }
      },
      "processor-db" : {
        "type" : "source-db",
        "properties" : {
          "type" : "SQL",
          "query" : "select sdnctl.VF_MODULE_MODEL.invariant_uuid as vf_module_model_invariant_uuid from sdnctl.VF_MODULE_MODEL where sdnctl.VF_MODULE_MODEL.customization_uuid=:customizationid",
          "input-key-mapping" : {
            "customizationid" : "vf-module-model-customization-uuid"
          },
          "output-key-mapping" : {
            "vf-module-model-invariant-uuid" : "vf_module_model_invariant_uuid"
          },
          "key-dependencies" : [ "vf-module-model-customization-uuid" ]
        }
      }
    }
  },
  "vf-module-model-version" : {
    "tags" : "vnf, vf-module",
    "name" : "vf-module-model-version",
    "property" : {
      "description" : "vf module model model version",
      "type" : "string",
      "value" : null,
      "default" : null
    },
    "group" : "default",
    "updated-by" : "Rahul, Tyagi <rahul.tyagi@est.tech>",
    "sources" : {
      "input" : {
        "type" : "source-input"
      },
      "default" : {
        "type" : "source-default",
        "properties" : { }
      },
      "processor-db" : {
        "type" : "source-db",
        "properties" : {
          "type" : "SQL",
          "query" : "select sdnctl.VF_MODULE_MODEL.uuid as vf_module_model_version from sdnctl.VF_MODULE_MODEL where sdnctl.VF_MODULE_MODEL.customization_uuid=:customizationid",
          "input-key-mapping" : {
            "customizationid" : "vf-module-model-customization-uuid"
          },
          "output-key-mapping" : {
            "vf-module-model-version" : "vf_module_model_version"
          },
          "key-dependencies" : [ "vf-module-model-customization-uuid" ]
        }
      }
    }
  },
  "vf-naming-policy" : {
    "tags" : "vf-naming-policy",
    "name" : "vf-naming-policy",
    "property" : {
      "description" : "vf-naming-policy",
      "type" : "string"
    },
    "group" : "default",
    "updated-by" : "MALAKOV, YURIY <yuriy.malakov@att.com>",
    "sources" : {
      "default" : {
        "type" : "source-default",
        "properties" : { }
      },
      "sdnc" : {
        "type" : "source-rest",
        "properties" : {
          "verb" : "GET",
          "type" : "JSON",
          "url-path" : "/restconf/config/GENERIC-RESOURCE-API:services/service/$service-instance-id/service-data/vnfs/vnf/$vnf-id/vnf-data/vnf-topology/vnf-parameters-data/param/vf-naming-policy",
          "path" : "/param/0/value",
          "input-key-mapping" : {
            "service-instance-id" : "service-instance-id",
            "vnf-id" : "vnf-id"
          },
          "output-key-mapping" : {
            "vf-naming-policy" : "value"
          },
          "key-dependencies" : [ "service-instance-id", "vnf-id" ]
        }
      },
      "processor-db" : {
        "type" : "source-db",
        "properties" : {
          "type" : "SQL",
          "query" : "select sdnctl.VF_MODEL.naming_policy as vf_naming_policy from sdnctl.VF_MODEL where sdnctl.VF_MODEL.customization_uuid=:vnf_model_customization_uuid",
          "input-key-mapping" : {
            "vnf_model_customization_uuid" : "vnf-model-customization-uuid"
          },
          "output-key-mapping" : {
            "vf-naming-policy" : "vf_naming_policy"
          },
          "key-dependencies" : [ "vnf-model-customization-uuid" ]
        }
      }
    }
  },
  "vnf-id" : {
    "tags" : "vnf-id",
    "name" : "vnf-id",
    "property" : {
      "description" : "vnf-id",
      "type" : "string"
    },
    "group" : "default",
    "updated-by" : "MALAKOV, YURIY <yuriy.malakov@att.com>",
    "sources" : {
      "input" : {
        "type" : "source-input"
      },
      "default" : {
        "type" : "source-default",
        "properties" : { }
      },
      "sdnc" : {
        "type" : "source-rest",
        "properties" : {
          "verb" : "GET",
          "type" : "JSON",
          "url-path" : "/restconf/config/GENERIC-RESOURCE-API:services/service/$service-instance-id/service-data/vnfs/vnf/$vnf-id/vnf-data/vnf-topology/vnf-parameters-data/param/vnf-id",
          "path" : "/param/0/value",
          "input-key-mapping" : {
            "service-instance-id" : "service-instance-id",
            "vnf-id" : "vnf-id"
          },
          "output-key-mapping" : {
            "vnf-id" : "value"
          },
          "key-dependencies" : [ "service-instance-id", "vnf-id" ]
        }
      }
    }
  },
  "vnf_name" : {
    "tags" : "vnf_name",
    "name" : "vnf_name",
    "property" : {
      "description" : "vnf_name",
      "type" : "string"
    },
    "group" : "default",
    "updated-by" : "MALAKOV, YURIY <yuriy.malakov@att.com>",
    "sources" : {
      "input" : {
        "type" : "source-input"
      },
      "default" : {
        "type" : "source-default",
        "properties" : { }
      },
      "sdnc" : {
        "type" : "source-rest",
        "properties" : {
          "verb" : "GET",
          "type" : "JSON",
          "url-path" : "/restconf/config/GENERIC-RESOURCE-API:services/service/$service-instance-id/service-data/vnfs/vnf/$vnf-id/vnf-data/vnf-topology/vnf-parameters-data/param/vnf_name",
          "path" : "/param/0/value",
          "headers" : {
            "Accept" : "application/json",
            "Content-Type" : "application/json"
          },
          "input-key-mapping" : {
            "service-instance-id" : "service-instance-id",
            "vnf-id" : "vnf-id"
          },
          "output-key-mapping" : {
            "vnf_name" : "value"
          },
          "key-dependencies" : [ "service-instance-id", "vnf-id" ]
        }
      },
      "rest" : {
        "type" : "source-rest",
        "properties" : {
          "endpoint-selector" : "naming-resolution",
          "verb" : "POST",
          "type" : "JSON",
          "headers" : {
            "Accept" : "application/json",
            "Content-Type" : "application/json"
          },
          "url-path" : "/v1/genNetworkElementName",
          "payload" : "{\r\n  \"elements\": [\r\n    {\r\n      \"resource-name\": \"vnf_name\",\r\n      \"resource-value\": \"${vnf_name}\",\r\n      \"external-key\": \"${vnf-id}\",\r\n      \"policy-instance-name\": \"${vf-naming-policy}\",\r\n      \"naming-type\": \"VNF\",\r\n      \"AIC_CLOUD_REGION\": \"${aic-cloud-region}\"\r\n    }\r\n  ]\r\n}",
          "path" : "/elements/0/resource-value",
          "input-key-mapping" : {
            "vnf-id" : "vnf-id",
            "aic-cloud-region" : "aic-cloud-region",
            "vf-naming-policy" : "vf-naming-policy"
          },
          "output-key-mapping" : {
            "vnf_name" : "resource-value"
          },
          "key-dependencies" : [ "vnf-id", "aic-cloud-region", "vf-naming-policy" ]
        }
      }
    }
  }
}