[
    {
        "name": "vnf-id",
        "property": {
            "description": "",
            "required": false,
            "type": "string"
        },
        "input-param": false,
        "dictionary-name": "vnf-id",
        "dictionary-source": "input",
        "dependencies": [],
        "version": 0
    },
    {
        "name": "vf-naming-policy",
        "property": {
            "description": "",
            "required": false,
            "type": "string",
            "default": "SDNC_Policy.ONAP_NF_NAMING_TIMESTAMP"
        },
        "input-param": false,
        "dictionary-name": "vf-naming-policy",
        "dictionary-source": "default",
        "dependencies": [],
        "version": 0
    },
    {
        "name": "aic-cloud-region",
        "property": {
            "description": "",
            "required": false,
            "type": "string"
        },
        "input-param": false,
        "dictionary-name": "aic-cloud-region",
        "dictionary-source": "input",
        "dependencies": [],
        "version": 0
    },
    {
        "name": "service-instance-id",
        "property": {
            "description": "",
            "required": false,
            "type": "string"
        },
        "input-param": false,
        "dictionary-name": "service-instance-id",
        "dictionary-source": "input",
        "dependencies": [],
        "version": 0
    },
    {
        "name": "service-instance-name",
        "property": {
            "description": "",
            "required": false,
            "type": "string"
        },
        "input-param": false,
        "dictionary-name": "service-instance-name",
        "dictionary-source": "aai-data",
        "dependencies": ["service-instance-id" ],
        "version": 0
    },
    {
        "name": "cucp_cl_test0_day0_version",
        "property": {
            "description": "",
            "required": false,
            "type": "string"
        },
        "input-param": true,
        "dictionary-name": "cucp_cl_test0_day0_version",
        "dictionary-source": "input",
        "dependencies": [],
        "version": 0
    },
{
        "name": "cucp_cl_test0_day1_version",
        "property": {
            "description": "",
            "required": false,
            "type": "string"
        },
        "input-param": true,
        "dictionary-name": "cucp_cl_test0_day1_version",
        "dictionary-source": "input",
        "dependencies": [],
        "version": 0
    }
]
